item_code,brand_name,pack,manufacturer,catg,subcatg,mrp
33330,MOVICOL PAEDIATRIC POWDER 6X6.85GM,6*85gm,Win Medicare,,,171
33331,FAST&UP CHARGE FIZZY ORANGE BLAST TAB 20S,20s,AERONUTRIX SPORTS LTD,,,390
33332,FAST&UP VITALIZE ORANGE TAB 20S,20s,AERONUTRIX SPORTS LTD,,,390
33333,FAST&UP RELOAD LIME & LEMON TAB 20S,20s,AERONUTRIX SPORTS LTD,,,265
33334,FAST&UP N ACETYLCYSTEINE STRAWBERRY TAB 20S,20s,AERONUTRIX SPORTS LTD,,,410
33335,FAST&UP APPLE CIDER VINGER GREEN APPLE TAB 15S,15s,AERONUTRIX SPORTS LTD,,,350
33336,FAST&UP MELATONIN FALL ASLEEP STRAWBERRY TAB 20S,20s,AERONUTRIX SPORTS LTD,,,325
33337,CHIC NUTRIX GLOW STRAWBERRY & LEMON TAB 20S,20s,AERONUTRIX SPORTS LTD,,,1980
33338,DENSOMIN CAP 10S,10s,BIOREX HEALTHCARE,,,165
33339,CHIC NUTRIX BOUNCE RASPBERRY TAB 20S,20s,AERONUTRIX SPORTS LTD,,,720
33340,FAST&UP MAN EXTEND FIZZY PEACH TAB 20S,20s,AERONUTRIX SPORTS LTD,,,460
33341,FAST&UP DAILY PROTEIN CHOCO 150GM,150gm,AERONUTRIX SPORTS LTD,,,499
33342,KETOFLY SOAP 75GM,75gm,Leeford Healthcare,,,110
33343,FAST&UP DAILY PROTEIN VANILLA 150GM,150gm,AERONUTRIX SPORTS LTD,,,499
33344,TOFATAS XR TAB 11MG 10S,10s,Intas Pharmaceuticals Ltd,,,530
33345,REXIPRA FORTE TAB 15S,15s,Intas Pharmaceuticals Ltd,,,246
33346,TIKLEEN TAB 90MG 10S,10s,Ipca Laboratories Ltd,,,220
33347,MONTEK FX TAB 15S,15s,Sun Pharmaceutical Industries Ltd,,,278
33348,MAHAGABA NT TAB 75MG 10S,10s,Mankind Pharma Ltd,,,159.9
33349,FULL 365 CAP 15S,15s,Zuventus Healthcare Ltd,,,118.55
33350,EVAPARIN (INJ+CARTIDGE) 1S,1s,Intas Pharmaceuticals Ltd,,,4800
33351,REVELOL XL TAB 12.5MG 15S,15s,Ipca Laboratories Ltd,,,78.8
33352,VOLIX TRIO TAB 1MG 15S,15s,Sun Pharmaceutical Industries Ltd,,,149
33353,VOLIX TRIO FORTE TAB 2MG 15S,15s,Sun Pharmaceutical Industries Ltd,,,235.5
33354,VILDAPRIDE D TAB 10/100MG 10S,10s,Micro Labs Ltd,,,250
33355,NEEM AYU ANTI DANDRUFF SHAMPOO 200ML,200ml,MOHINI PHARMACITICULES,,,599
33356,NEEM AYU ANTI HAIR FALL SHAMPOO 200ML,200ml,MOHINI PHARMACITICULES,,,599
33357,NEEM AYU AYURVEDIC ANTI HAIR FALL KIT 1S,1s,MOHINI PHARMACITICULES,,,1447
33358,NEEM AYU AYURVEDIC ANTI DANDRUFF KIT 1S,1s,MOHINI PHARMACITICULES,,,1447
33359,NEEM AYU ANTI HAIR FALL OIL 100ML,100ml,MOHINI PHARMACITICULES,,,449
33360,NEEM AYU ANTI HAIR FALL CAP 60S,60s,MOHINI PHARMACITICULES,,,399
33361,NEEM AYU ANTI DANDRUFF CAP 60S,60s,MOHINI PHARMACITICULES,,,599
33362,NEEM AYU ANTI DANDRUFF OIL 100ML,100ml,MOHINI PHARMACITICULES,,,449
33387,BIODERMA SEBIUM PORE REFINER 15ML,15ml,Bioderma Laboratories,,,799
33388,TRIPRIDE FORTE TAB 1MG 15S,15s,Micro Labs Ltd,,,165
33389,RENERVE PLUS INJECTION 2ML,2ml,Strides shasun Ltd,,,122.85
33390,FLOSLO TAB 5MG 10S,10s,Intas Pharmaceuticals Ltd,,,304
33391,GI GEL SYP 200ML,200ml,GH. VISION LIFESCIENCES,,,199.9
33392,DUOBROM EYE DROP 5ML,5ml,Ajanta Pharma Ltd,,,201
33393,DV K PLUS 10S,10s,Indchemie Health Specialities Pvt Ltd,,,282
33394,SEBONAC FACE WASH 75GM,75gm,Glowderma Labs Pvt Ltd,,,245
33395,BEMPESTA R TAB 40MG 10S,10s,Torrent Pharmaceuticals Ltd,,,490
33396,LACTIVIG FIBER POWDER ORANGE 90GM,90gm,,,,185
33397,ALPHACEPT CAP 8MG 15S,15s,Lupin Ltd,,,437.8
33398,LOBATE GM NEO CREAM 10GM,10gm,ABBOTT HEALTHCARE PRIVATE LIMITED,,,69.82
33411,MAC RABONIK DSR CAP 15S,15s,Eris Lifesciences Pvt Ltd,,,230.58
33412,CELIN F TAB 10S,10s,Koye Pharmaceuticals Pvt ltd,,,329
33413,HIMALAYA TULASI SYP 200ML,200ml,Himalaya Drug Company,,,130
33414,DUONEM 300ER TAB 10S,10s,Zydus Cadila,,,1395.1
33415,OCUBLESS CAP 10S,10s,Centaur Pharmaceuticals Pvt Ltd,,,169.09
33416,GLUCRETA M TAB 5/500MG 10S,10s,Torrent Pharmaceuticals Ltd,,,78
33417,POLYBION ACTIVE SYP 150ML,150ml,Procter & Gamble Hygiene and Health Care Ltd,,,135.3
33418,RIFAKEM TAB 400MG 10S,10s,Alkem Laboratories Ltd,,,334
33419,VOGLISTAR GM TAB 2MG 15S,15s,Mankind Pharma Ltd,,,254.85
33420,FLUTIWAYS NASAL SPRAY 160MD 1S,160mdi,Mankind Pharma Ltd,,,429
33421,VITAMERC LC TAB 10S,10s,VATAVE HEALTHCARE,,,295
33422,KETOPLAST PATCH 7CM 7S,7s,Zuventus Healthcare Ltd,,,399
33423,BIOTIQUE LIP BALM BERRY 4GM,4gm,BIOVEDA TECHNOLOGIES,,,175
33424,COTARYL 3D CREAM 50GM,50gm,FDC Ltd,,,170
33425,FREEFLEX EMUGEL 30GM,30gm,Sanofi India Limited,,,390
33426,PARASOFT SOAP COMBIPACK 4*100GM,100gm,Salve Pharmaceuticals Pvt Ltd,,,500
33427,SITARED TAB 100MG 7S,7s,Sun Pharmaceutical Industries Ltd,,,90.65
33428,U FRAG INJECTION 5000IU 1S,1s,Bharat Serums & Vaccines Ltd,,,782.1
33429,BIOTIQUE WINTER BODY LOTION CHERRY 190ML,190 ml,Biotique Botanical Extracts,,,189
33430,GABAPIN PLUS TAB 100MG 10S,10s,Intas Pharmaceuticals Ltd,,,146.5
33431,NAMHYA KASHMIRI KAHWA WITH SAFFRON 100GM,100gm,NAMHYA FOODS PVT LTD,,,390
33432,NAMHYA PERIODS CARE TEA FOR PCOS & PCOD 100GM,100gm,NAMHYA FOODS PVT LTD,,,589
33433,NAMHYA LIVER CLEANSE TEA 100GM,100gm,NAMHYA FOODS PVT LTD,,,589
33434,NAMHYA THYROID CARE TEA 100GM,100gm,NAMHYA FOODS PVT LTD,,,589
33435,NAMHYA DIABETIC CARE TEA 100GM,100gm,NAMHYA FOODS PVT LTD,,,589
33436,NAMHYA ASHWAGANDHA POWDER 100GM,100gm,NAMHYA FOODS PVT LTD,,,189
33437,NAMHYA GILOY POWDER 100GM,100gm,NAMHYA FOODS PVT LTD,,,99
33438,NAMHYA LUNGS CLEANCE TEA 100GM,100gm,NAMHYA FOODS PVT LTD,,,589
33439,PURE NUTRITION MAGNESIUM GLYCINATE TAB 350MG 60S,60s,Herbs Nutriproducts Pvt Ltd,,,649
33440,TRICHOSPIRE HAIR GROWTH SERUM 60ML,60ml,Influx Healthcare,,,1990
33441,MAMY POKO PANTS EXTRA ABSORB M 44S,44s,Unicharm India Pvt.ltd.,,,799
33442,MAYBELLINE BABY LIPS CHERRY KISS SPF 11 4GM,4gm,Loreal India Pvt.ltd,,,199
33443,OMNIGAIN SHAMPOO 200ML,200ml,OMNICEUTICS,,,899
33444,SAT K2 TAB 10S,10s,SAT PHARMA,,,275
33445,DAFLON TAB 1000MG 18S,18s,Serdia Pharmaceuticals India Pvt Ltd,,,435.6
33446,MOOV STRONG GEL 15GM,15gm,Reckitt Benckiser (india) Ltd.,,,75
33447,ALSITA M FORTE IR TAB 50MG 10S,10s,Alkem Laboratories Ltd,,,92
33448,SUREFEROL CHEWABLE TAB 30S,30s,ASSURE LIFE SCIENCE,,,299
33449,GLUCRETA S TAB 10/100MG 10S,10s,Torrent Pharmaceuticals Ltd,,,220
33450,DABUR HINGOLI SACHET JAR 120S,120s,Dabur India Limited,,,120
33451,NEWCITA TAB 10MG 15S,15s,Alkem Laboratories Ltd,,,151.03
33452,MOKTEL WOMAN TAB 10S,10s,KEPLER HEALTHCARE PVT LTD,,,238
33453,WELLGROW GOLD SERUM 30ML,30ml,Brinton Pharmaceuticals Pvt Ltd,,,999
33454,LONG DRIVE DS GOLD 4S,4s,Leeford Healthcare,,,230
33455,ALOJA M TAB 10S,10s,Indoco Remedies Ltd,,,87.58
33456,SITAXA DM TAB 10/100/500MG 10S,10s,Torrent Pharmaceuticals Ltd,,,230
33457,DOLOPAR SYP 250MG 60ML,60ml,Micro Labs Ltd,,,44.35
33458,DIAMICRON XR TAB 60MG 15S,15s,Serdia Pharmaceuticals India Pvt Ltd,,,231
33459,TINILACT 3 SOFTGEL VEG SUPPOSITIRIES 3S,3s,Curador Healthcare Pvt Ltd,,,110
33460,SITAXA M TAB 50/500MG 15S,15s,Torrent Pharmaceuticals Ltd,,,193.5
33461,PROXYM ER TAB 300MG 15S,15s,Emcure Pharmaceuticals Ltd,,,426.6
33462,SOLVIN COLD AF DROP 15ML,15ml,Ipca Laboratories Ltd,,,77.3
33463,MAHACEF ORAL DROP 10ML,10ml,Mankind Pharma Ltd,,,57
33464,FEBOXA TAB 80MG 10S,10s,Sun Pharmaceutical Industries Ltd,,,142.5
33465,AMLOZAAR TAB 15S,15s,Micro Labs Ltd,,,249
33466,COSVATE S LOTION 30ML,30ml,Oaknet Healthcare Pvt Ltd,,,172.77
33468,ZIVIMOX EYE DROP 5ML,5ml,Zivira Labs Pvt Ltd,,,145
33471,LIFEBUOY GERM KILL SPRAY 200ML,200ml,Hindustan Unilever Limited,,,199
33472,LIFEBUOY GERM KILL SPRAY TOTAL 85ML,85ml,Hindustan Unilever Limited,,,99
33473,LIFEBUOY HAND SANITIZER TOTAL 500ML,500ml,Hindustan Unilever Limited,,,250
33474,LIFEBUOY HAND SANITIZER TOTAL 50ML,50ml,Hindustan Unilever Limited,,,25
33475,SILYCHOLINE TAB 10S,10s,ALVEERA HEALTHCARE,,,245
33476,ALVENERVE TAB 10S,10s,ALVEERA HEALTHCARE,,,270
33477,Dettol Hand Sanitizer Original 25ML,25ml,Reckitt Benckiser (india) Ltd.,,,11
33478,STATPURE A CAP 20/75MG 15S,15s,Mankind Pharma Ltd,,,162
33479,HYALGAN PFS INJECTION 20MG 1S,1s,Lupin Ltd,,,1748
33480,CLARINOVA TAB 500MG 10S,10s,Mankind Pharma Ltd,,,335
33481,AZIWOK XL SYP 200MG 30ML,30ml,Wockhardt Ltd,,,114.58
33483,WHISPER BINDAZZZ NIGHTS XL+ 30s,30s,Procter & Gamble Hygiene and Health Care Ltd,,,380
33484,RAIKI EYE DROP 0.02% 3ML,3ml,Sun Pharmaceutical Industries Ltd,,,495
33485,PLANOKUF SYP 60ML,60ml,Shreya Life Sciences Pvt Ltd,,,117.05
33486,CLOP S NANO LOTION 20ML,20ml,Liva Healthcare,,,231.55
33487,CTD MT TAB 6.25/25/40MG 10S,10s,Ipca Laboratories Ltd,,,110.4
33488,GLUCRETA SM TAB 10/100/1000MG 10S,10s,Torrent Pharmaceuticals Ltd,,,230
33489,SWISSE 4XSTRENGTH WILD FISH OIL 1800 MG CAP 60S,60s,VITEX PHARMACITICULES,,,2449
33490,SWISSE ULTRIBOOST HEART HEALTH CAP 30S,30s,VITEX PHARMACITICULES,,,1599
33491,SWISSE BEAUTY VEGAN COLLAGEN BUILDER TAB 30S,30s,VITEX PHARMACITICULES,,,1299
33492,SWISSE BEAUTY BIOTIN+ TAB 30 S,30s,VITEX PHARMACITICULES,,,999
33493,SWISSE BEAUTY GLUTATHIONE+ TAB 30 S,30s,VITEX PHARMACITICULES,,,1399
33494,SWISSE BEAUTY COLLAGEN HYALURONIC ACID TAB 30S,30s,VITEX PHARMACITICULES,,,1249
33495,SWISSE ULTIVITE MENS MULTIVITAMIN TAB 30 S,30s,VITEX PHARMACITICULES,,,1299
33496,SWISSE ULTIVITE WOMENS MULTIVITAMIN TAB 30 S,30s,VITEX PHARMACITICULES,,,1299
33497,SWISSE ME BIOTIN GUMMIES BEAUTY 30 S,30s,VITEX PHARMACITICULES,,,799
33498,SWISSE ME MELATONIN GUMMIES RELAX & SLEEP 30 S,30s,VITEX PHARMACITICULES,,,799
33499,SWISSE ULTIBOOST VITAMIN D 90 S,90s,VITEX PHARMACITICULES,,,1299
33500,SWISSE ULTIBOOST MAGNESIUM TAB 60 S,60s,VITEX PHARMACITICULES,,,1149
33501,SWISSE ULTIBOOST CALCIUM+VITAMIN D TAB 90 S,90s,VITEX PHARMACITICULES,,,1399
33502,SWISSE ULTIBOOST HIGH STRENGTH WILD FISH OIL 60 S,60s,VITEX PHARMACITICULES,,,999
33503,SWISSE HIGH STRENGTH APPLE CIDER TAB 30 S,30s,VITEX PHARMACITICULES,,,1099
33504,SWISSE ULTIBOOST LIVER DETOX TAB 30 S,30s,VITEX PHARMACITICULES,,,1049
33505,SUCRAFIL ANO CREAM 20GM,20gm,Fourrts India Laboratories Pvt Ltd,,,127
33506,PREGIVA NT TAB 10/75MG 10S,10s,Kuresys Labs,,,180
33507,C-HOP CAP 400MG 10S,10s,Corona Remedies Pvt Ltd,,,625
33508,MAXGALIN CAP 75MG 15S,15s,Sun Pharmaceutical Industries Ltd,,,277.5
33509,ITRALENT TAB 100MG 10S,10s,Talent India,,,150
33510,ZAPIZ TAB 0.5MG 20S,20s,Intas Pharmaceuticals Ltd,,,77.5
33511,CICATRIX CREAM 50ML,50ml,Kshipra Health Solutions,,,5990
33512,VOGLIBITE GM TAB 1MG 10S,10s,Corona Remedies Pvt Ltd,,,108.9
33513,GLURA M XR TAB 100/500MG 15S,15s,Eris Lifesciences Pvt Ltd,,,240
33514,REXIPRA PLUS TAB 15S,15s,Intas Pharmaceuticals Ltd,,,156
33515,TONEGLO FACE WASH 50GM,50gm,Intas Pharmaceuticals Ltd,,,215
33516,DIGENE ULTRA FIZZ ORANGE POWDER 6.25GM,6.25gm,ABBOTT HEALTHCARE PRIVATE LIMITED,,,10
33517,EYORAC T TAB 15S,15s,Sentiss Pharma,,,255
33518,TROXIP TAB 100MG 10S,10s,Zuventus Healthcare Ltd,,,117.95
33519,ZEBLONG T TAB 8/40MG 10S,10s,Ipca Laboratories Ltd,,,127.3
33520,ROSYCAP F TAB 20MG 15S,15s,Akumentis Healthcare Ltd,,,268.5
33521,MG OR TAB 500MG 30S,30s,NUTRILIFE INDIA PVT LTD,,,510
33524,PHAB PROTEIN MILKSHAKE COLD COFFEE 200 ML,200ml,DAIRY RICH FOODS LLP,,,100
33525,PHAB PROTEIN MILKSHAKE CLASSIC CHOCOLATE 200 ML,200ml,DAIRY RICH FOODS LLP,,,100
33526,PHAB PROTEIN MILKSHAKE STRAWBERRIES & CREAM 200 ML,200ml,DAIRY RICH FOODS LLP,,,100
33532,CREMADIET PLUS POWDER 100GM,100gm,ABBOTT HEALTHCARE PRIVATE LIMITED,,,203.5
33533,PHAB PROTEIN BOMB ALMOND BUTTER 15 GM,15gm,SUN HYGINNE FOODS PVT LTD,,,30
33534,PHAB PROTEIN BOMB CASHEW RAISIN 15 GM,15gm,SUN HYGINNE FOODS PVT LTD,,,30
33535,PHAB PROTEIN BOMB PISTACHIO 15 GM,15gm,SUN HYGINNE FOODS PVT LTD,,,30
33536,POWERCORT-S LOTION 3% 30ML,30ml,Glenmark Pharmaceuticals Ltd,,,119
33551,SENSODENT K TOOTHPASTE 120GM,120gm,Indoco Remedies Ltd,,,142
33552,CLENIA FACE WASH 100ML,100ml,Ajanta Pharma Ltd,,,485
33553,ALCOTHIAM TAB 10S,10s,,,,245
33554,LOREAL SHAMPOO TOTAL REPAIR 5 DAMAGE HAIR 180ML,180ml',Loreal India Pvt.ltd,,,199
33555,CALADRYL LOTION 65ML,65ml,Piramal Healthcare Limited,,,55.63
33581,JALRA OD TAB 100MG 15S,15s,USV Ltd,,,202.5
33582,NUHEME TAB 10S,10s,,,,195
33583,CARBOFOL PLUS CAP 10S,10s,AVROHN PHARMA I LIMITED,,,140
33584,DULORENE CAP 30MG 10S,10s,La Renon Healthcare Pvt Ltd,,,121
33585,EUREPA V TAB 1/0.2MG 10S,10s,Torrent Pharmaceuticals Ltd,,,190.45
33586,INBILT F SOLUTION 5% 60ML,60ml,Glenmark Pharmaceuticals Ltd,,,780
33587,LYMZIT CAP 408MG 10S,10s,Brinton Pharmaceuticals Pvt Ltd,,,544.22
33588,ROVASTAT TAB 10MG 15S,15s,Blue Cross Laboratories Ltd,,,95
33589,BUDAMATE NEB RESPULE 5*2ML,5*2ml,Lupin Ltd,,,411
33590,MICROCID CAP 25MG 10S,10s,Micro Labs Ltd,,,46
33591,NAILROX CREAM 1% 50GM,50gm,Intas Pharmaceuticals Ltd,,,229
33592,NEKSIUM D CAP 20MG 10S,10s,Pfizer Ltd,,,81
33593,MONOCEF O DT TAB 100MG 10S,10s,Aristo Pharmaceuticals Pvt Ltd,,,150
33594,TILSTIGMIN TAB 15MG 10S,10s,Aristo Pharmaceuticals Pvt Ltd,,,55.47
33595,BRIV PLUS TAB 50MG 10S,10s,Intas Pharmaceuticals Ltd,,,154
33596,NESTLE RESOURCE POWDER HIGH PROTEIN 400GM,400gm,Nestle India Limited.,,,949
33597,SITAZIT TAB 100MG 10S,10s,Glenmark Pharmaceuticals Ltd,,,145
33598,STRATON CAP 10S,10s,AMAZONE PHARMACETICALS PVT LTD,,,495
33599,MANKIND HEALTH OK TAB 10S,10s,Mankind Pharma Ltd,,,110
33600,MANKIND HEALTH OK TAB 30S,30s,Mankind Pharma Ltd,,,300
33601,GAS O FAST ACTIVE JEERA 6X5GM,6*5gm,Mankind Pharma Ltd,,,60
33602,GAS O FAST LEMON FLAVOUR 6X5GM,6*5gm,Mankind Pharma Ltd,,,60
33603,PREGA NEWS ADVANCE PREGNANCY TEST KIT 1S,1s,Mankind Pharma Ltd,,,100
33604,OVA NEWS OVULATION DETECTION KIT 1X6S,1*6s,Mankind Pharma Ltd,,,600
33605,MANFORCE EPIC LUBE STRAWBERRY 60ML,60ml,Mankind Pharma Ltd,,,500
33606,MANFORCE EPIC CONDOM ENHANCED DOTS CHOCO 10S,10s,Mankind Pharma Ltd,,,200
33608,MANFORCE EPIC CONDOM EXTRA DOTTED FRUIT PUNCH 10S,10s,Mankind Pharma Ltd,,,240
33610,MANFORCE EPIC CONDOM LONG LASTING RASPBERRY 10S,10s,Mankind Pharma Ltd,,,240
33612,MANFORCE EPIC CONDOM SUPER THIN SILK CHOCOLATE 10S,10s,Mankind Pharma Ltd,,,240
33614,MANFORCE XOTIC CONDOM STRAWBERRY 10S,10s,Mankind Pharma Ltd,,,90
33615,MANFORCE XOTIC CONDOM STRAWBERRY 20S,20s,Mankind Pharma Ltd,,,180
33617,MANFORCE XOTIC CONDOM CHOCOLATE 10S,10s,Mankind Pharma Ltd,,,90
33618,MANFORCE XOTIC CONDOM CHOCOLATE 20S,20s,Mankind Pharma Ltd,,,180
33620,BENIDUCE TAB 8MG 10S,10s,Macleods Pharmaceuticals Pvt Ltd,,,71.3
33621,LAMREST TAB 5MG 15S,15s,Tas Med India Pvt Ltd,,,159.72
33622,PROGLUMIN CAP 10S,10s,Septalyst Lifesciences Pvt.Ltd.,,,350
33623,KOGIUM HQ PLUS GEL 15GM,15gm,Regium Pharmaceuticals OPC Pvt Ltd,,,375
33624,CLOTILO CREAM 15GM,15gm,Anglo French,,,40.7
33625,AZEEKATCH TAB 250MG 6S,6s,NUKIND HEALTHCARE PVT LTD,,,70.69
33626,MONTURIC L SYRUP 60ML,60ml,Mediste Pharmaceuticals Pvt Ltd,,,115
33627,VOVERAN MR TAB 10S,10s,Panacea Biotec,,,75
33628,ONDET 4 TAB 10S,10s,Intas Pharmaceuticals Ltd,,,46.58
33629,AZYMO STAR 500 3S,3s,Dr Morepen Labs Ltd,,,79.43
33630,A-MOXUM-CLAV 625 TAB 10S,10s,Mediste Pharmaceuticals Pvt Ltd,,,223.44
33631,AZOMYCIN 200 SYP 15ML,15ml,Cipla Ltd,,,52.31
33632,CETRIZINE 10 TAB 10S,10s,Mediste Pharmaceuticals Pvt Ltd,,,20
33633,CETRIZINE SYRUP 60ML,60ml,NUKIND HEALTHCARE PVT LTD,,,43.6
33634,FEXOULTRA 120 TAB 10S,10s,Dr Morepen Labs Ltd,,,176
33635,INTOCARE 200 TAB 10S,10s,FOREVER BODY CARE INDUSTRIES,,,312
33636,MYPAR 500 TAB 10S,10s,Dr Morepen Labs Ltd,,,11.31
33637,VOVEFLAM TAB 10S,10s,CARE FORMULATION LABS,,,21.5
33638,IBUFLAM TAB 16S,16s,PAAM,,,33.5
33639,PCM SYP 60ML,60ml,Intas Pharmaceuticals Ltd,,,29.92
33640,PARACIP 250MG SYRUP 60ML,60ml,Cipla Ltd,,,44.35
33641,MEDICYES VITAMIN C TAB 15S,15s,MEDICYES PHARMA PVT LTD,,,76
33642,ZYMICOVIT TAB 15S,15s,Syndicate Life Sciences Pvt Ltd,,,150
33643,CALCITAS D TAB 15S,15s,Intas Pharmaceuticals Ltd,,,97
33644,PRO B-COMPLEX TAB 10S,10s,PAAM,,,10
33645,CAL-C D3 SYP 200ML,200ml,Mediste Pharmaceuticals Pvt Ltd,,,135
33646,MEDISUMS MULTIVITAMIN SYRUP 200ML,200ml,Mediste Pharmaceuticals Pvt Ltd,,,175
33647,SUGARMET 500 TAB 20S,20s,CARE FORMULATION LABS,,,37.4
33648,GLIMKAR-1 TAB 10S,10s,CARE FORMULATION LABS,,,40.32
33649,PENTOTEK 40 TAB 10S,10s,Mediste Pharmaceuticals Pvt Ltd,,,125
33650,NAPROCARE D TAB 10S,10s,EUROC,,,125
33651,USUMZYME TAB 15S,15s,Mediste Pharmaceuticals Pvt Ltd,,,70
33652,DULAX TAB 10S,10s,SEARLE,,,11.2
33653,ZENDRIL SYRUP 100ML,100ml,ZEN LABS INDIA,,,87
33654,BUDSOCARE 0.5 RESPULES 2ML,2ml,CARE FORMULATION LABS,,,118.75
33655,EVERFRESH TEARS EYE DROP 10ML,10ml,Alembic Pharmaceuticals Ltd,,,155.23
33656,KOGIUMM HQ PLUS CREAM 15GM,15gm,Regium Pharmaceuticals OPC Pvt Ltd,,,375
33657,BIOTIQUE SHAMPOO &CONDITIONER FRESH HENNA 180ML,180ml',BIO VEDA ACTION RESERCH COMPNEY,,,165
33658,BIOTIQUE FRUIT BRIGHTENING FACE WASH 150 ML,150ml,BIO VEDA ACTION RESERCH COMPNEY,,,170
33659,BIOTIQUE FRESH NEEM PIMPLE CONTROL FACE WASH 150 ML,150ml,BIO VEDA ACTION RESERCH COMPNEY,,,170
33660,BIOTIQUE SUN SHIELD CARROT SPF 40 SUNSCREEN LOTION 120ML,120ml,BIOVENCER HEALTHCARE PVT LTD,,,370
33665,VIGOQUIN LP EYE DROP 1S,1s,Neomedix Healthcare India Private Limited,,,210
33666,TELGARD AM TAB 10S,10s,Cipla Ltd,,,73.92
33667,BIO SPRING GOLD SACHET 1S,1s,Bio Zenisis,,,199
33668,APRESOL PLUS TAB 10S,10s,ORDAIN HEALTH CARE PVT LTD,,,92.33
33669,VALPARIN ALKALETS TAB 200MG 15S,15s,Sanofi India Limited,,,57.45
33670,SGLTD M TAB 5/500MG 10S,10s,Mankind Pharma Ltd,,,70
33671,CARVIDON MR TAB 15S,15s,Micro Labs Ltd,,,234
33672,LORINOL TAB 10MG 15S,15s,Micro Labs Ltd,,,138
33673,RADO QZ TAB 10S,10s,Radicool Pharmaceutical Pvt Ltd,,,595
33674,ROSYCAP GOLD CAP 10/75MG 15S,15s,Akumentis Healthcare Ltd,,,222
33676,BISELECT TAB 10MG 10S,10s,Intas Pharmaceuticals Ltd,,,80
33677,MESACOL CR SACHET 2GM,2gm,Sun Pharmaceutical Industries Ltd,,,76
33678,L HIST SYP 60ML,60ml,Alkem Laboratories Ltd,,,70
33679,GLIMED MF2 SR TAB 1000MG 10S,10s,Knoll Healthcare Pvt Ltd,,,86.6
33680,NATURES GLOWING GOLD FACIAL KIT 60GM,60gm,ESME CONSUMER PVT LTD,,,280
33681,NATURES BRIGHTENING DIAMOND FACIAL KIT 20GM,20gm,ESME CONSUMER PVT LTD,,,100
33682,NATURES GEL FACE WASH PAPAYA 50GM,50gm,ESME CONSUMER PVT LTD,,,65
33683,NATURES GOLD CRÈME BLEACH 43GM,43gm,ESME CONSUMER PVT LTD,,,80
33690,GLIMED MF 2 TAB 500MG 10S,10s,Knoll Healthcare Pvt Ltd,,,47.25
33691,T CAL MAX TAB 10S,10s,RAYON MEDICARE PVT LTD,,,210
33692,ARORAB DSR CAP 15S,15s,Aareen Healthcare Pvt Ltd,,,163.5
33693,IGNALIS TAB 50MG 10S,10s,Intas Pharmaceuticals Ltd,,,90
33694,INS3ACTIVE OA TAB 10S,10s,INNOVCARE LIFESCIENCES PVT.LTD,,,629
33695,DAPAGLYN S TAB 10/100MG 10S,10s,Zydus Healthcare Ltd,,,210
33696,ABIWAYS TAB 15S,15s,Mankind Pharma Ltd,,,251.25
33697,ZINCOVIT W CAP 10S,10s,Apex Laboratories Pvt Ltd,,,155
33698,DAPANORM TRIO TAB 10S,10s,Alkem Laboratories Ltd,,,197
33699,DEXODERM NF CREAM 15GM,15gm,Micro Labs Ltd,,,85
33700,POLYCLAV DS DRY SYP 30ML,30ml,Macleods Pharmaceuticals Pvt Ltd,,,142.5
33701,NORMAL SALINE 3% 100ML,100ml,TARA BIOSCIENCES PVT LTD,,,125
33702,AMLOVAS M TAB 5/25MG 10S,10s,Macleods Pharmaceuticals Pvt Ltd,,,103
33703,PYX PROXY FLOSS 1S,1s,SANDHIKA PHARMACEUTICALS LTD,,,85
33704,KINGNERVE 3D TAB 10S,10s,Bio-Zenesis Healthcare,,,489
33708,KAPIVA ASHWAGANDHA GOLD CAP 30S,30s,Adret Retail Pvt. Ltd. (Kapiva),,,299
33712,KAPIVA SHILAJIT GOLD CAP 30S,30s,Adret Retail Pvt. Ltd. (Kapiva),,,449
33715,CORBIS T TAB 2.5MG 10S,10s,Torrent Pharmaceuticals Ltd,,,120
33718,KAPIVA GHEE KUMKUMADI BODY BUTTER 100GM,100gm,Adret Retail Pvt. Ltd. (Kapiva),,,349
33719,KAPIVA PANCH DAL UBTAN 100GM,100gm,Adret Retail Pvt. Ltd. (Kapiva),,,399
33720,TIBETO TAB 10S,10s,EDIFICE LIFE SCIENCES PVT LTD,,,489
33721,KAMKUFF SYP 100ML,100ml,,,,99
33722,VQ GOLD CAP 10S,10s,,,,495
33723,EMGRAST PFS INJECTION 300MCG 1S,1s,Emcure Pharmaceuticals Ltd,,,1456.24
33724,MACHALER INHALER,1s,Macleods Pharmaceuticals Pvt Ltd,,,185
33725,HEALSENZ OINT 30GM,30gm,Eris Lifesciences Ltd,,,218.9
33726,ACNETHRO SOAP 100GM,100gm,Salve Pharmaceuticals Pvt Ltd,,,147
33727,NEKSIUM TAB 20MG 15S,15s,Astra Zeneca,,,132.02
33728,COSVATE GM ++ CREAM 25GM,25gm,Oaknet Healthcare Pvt Ltd,,,92.45
33729,ADONIS DS SILK LOTION HYDRA 150ML,150ml,Adonis Phytoceuticals Pvt Ltd,,,391
33730,MAXVIDA HPHF POWDER VANILLA 400GM,400gm,Modi Mundi Pharma Pvt Ltd,,,1130
33731,DABUR HONITUS ADULSA COUGH SYP 100ML,100ml,Dabur India Limited,,,90
33732,ZACY MR TAB 4MG 10S,10s,Comed Chemicals Ltd,,,199
33733,SINBROSIDE TAB 10S,10s,VIENTO HEALTH CARE,,,200
33734,LANUM C TAB 500MG 10S,10s,La Renon Healthcare Pvt Ltd,,,19
33735,ACECLO MR TAB 10S,10s,Aristo Pharmaceuticals Pvt Ltd,,,88.65
33736,NEW NEURO LV TAB 10S,10s,Synokem Pharmaceuticals Ltd,,,163.9
33737,MYCOFIT S TAB 360MG 10S,10s,Intas Pharmaceuticals Ltd,,,1330
33738,ZIMBA LOTION 10ML,10ml,Sun Pharmaceutical Industries Ltd,,,294
33739,LUREGLO SERUM 20ML,20ml,Rockmed Pharma Pvt. Ltd,,,580
33740,JECTOCOS LIP TAB 10S,10s,Oaknet Healthcare Pvt Ltd,,,184
33741,FAST&UP PLANT PROTEIN CARAMEL COFFEE FLAVOUR 450GM,450gm,AERONUTRIX SPORTS LTD,,,1399
33746,LINETOR PLUS SACHET 15GM,15gm,Akumentis Healthcare Ltd,,,110
33747,ROSY CAP 10MG 15S,15s,Akumentis Healthcare Ltd,,,181.5
33748,LOGIHAIR WOMEN TAB 10S,10s,Canixa Life Sciences Pvt,,,225
33749,CILACAR TM TAB 50MG 10S,10s,J B Chemicals and Pharmaceuticals Ltd,,,145.04
33750,DOLOPAR SYP 120MG 60ML,60ml,Micro Labs Ltd,,,39.64
33751,PROGRAF CAP 0.5MG 10S,10s,ASTELLAS PHARMA INDIA PVT LTD,,,234
33752,RANTAC MPS SUSP 200ML,200ml,J B Chemicals,,,130.74
33753,ROSYCAP TAB 5MG 15S,15s,Akumentis Healthcare Ltd,,,91.5
33754,FREESTYLE LIBRE READER 1S,1s,ABBOTT HEALTHCARE PRIVATE LIMITED,,,5499
33755,NASOCLEAR NASAL DROP 20ML,20ml,Zydus Cadila,,,55.8
33756,COSMOQ SHAMPOO 200ML,200ml,KLM Laboratories Pvt Ltd,,,450
33757,CETAPHIL PRO MOISTURISING CREAM 50ML,50ml,Galderma India Pvt Ltd,,,950
33758,HYPERNEB 3% 4ML 1S,4ml,Cipla Ltd,,,19.8
33759,ALERSIN TOTAL TAB 10S,10s,VESTAL LIFESCIENCES (P) LTD.,,,165
33760,DAPACOSE M TAB 10/500MG 10S,10s,J B Chemicals and Pharmaceuticals Ltd,,,120.42
33761,BISOPHARM TAB 2.5MG 10S,10s,Eris Lifesciences Ltd,,,59
33762,BISOPHARM TAB 5MG 10S,10s,Eris Lifesciences Pvt Ltd,,,106
33767,BOHECO HEMP POWDER 100GM,100gm,BOMBAY HEMP CO.PVT LTD,,,349
33771,AMROSYS CREAM 30GM,30gm,Systopic Laboratories Pvt Ltd,,,240
33772,VANTEJ AQUA MOUTH WASH 100ML,100ml,Dr Reddy's Laboratories Ltd,,,150
33773,METASONE PLUS CREAM 15GM,15gm,Talent India,,,165
33774,LIFOCET M TAB 10S,10s,LIFELINE ANTIDOTES,,,125
33775,ACCUSURE SENSOR BLOOD GLUCO MONITOR 1S,1s,MICROGENE DIOGNOSTIC SYSTEM PVT. LTD.,,,720
33781,GANEVE LONDON SEA SALT & MINT FACE WASH GEL 200ML,200ml,NANZ MED SCIENCE PHARMA PVT LTD,,,299
33782,GANEVE LONDON GREEN TEA & LEMON FACE WASH GEL 200ML,200ml,NANZ MED SCIENCE PHARMA PVT LTD,,,299
33783,GANEVE LONDON HONEY SUCKLE & LILY FACE WASH GEL 200ML,200ml,NANZ MED SCIENCE PHARMA PVT LTD,,,299
33790,PEE SAFE DISPOSABLE TOILET SEAT COVER 10S,10s,Jai Shree Balaji Industries Pvt Ltd,,,99
33792,PEE SAFE FURR ACNE RELIFE PATCH 30S,30s,Jai Shree Balaji Industries Pvt Ltd,,,299
33799,PEE SAFE PANTY LINERS ALOE VERA 20S,20s,Jai Shree Balaji Industries Pvt Ltd,,,120
33803,STREPSILS LOZENGES SUGAR FREE 8S,8s,Reckitt Benckiser (india) Ltd.,,,48
33804,DR TRUST KNEE PROTECTOR 334 1S,1s,DR TRUST,,,1179
33805,LEVTOCK TAB 500MG 10S,10s,Kuresys Labs,,,129
33806,VITO YIELD SOFTGEL CAP 10S,10s,Nucidem Life Sciences Pvt Ltd,,,650
33807,LAM PLUS TAB 20MG 15S,15s,Tas Med India Pvt Ltd,,,73.92
33808,CARTISAFE FORTE TAB 10S,10s,Jenburkt Pharma,,,143.75
33809,VIROPIL TAB 30S,30s,Emcure Pharmaceuticals Ltd,,,4121
33810,MAMY POKO PANTS EXTRA ABSORB M 58S,58s,Unicharm India Pvt.ltd.,,,999
33811,MAMY POKO PANTS EXTRA ABSORB XXL 7S,7s,Unicharm India Pvt.ltd.,,,199
33812,EBERNET CREAM 1% 60GM,60gm,Dr Reddy's Laboratories Ltd,,,830.5
33813,UVOX CR TAB 100MG 10S,10s,ABBOTT HEALTHCARE PRIVATE LIMITED,,,412.19
33814,CRESP PFS INJECTION 100MCG 1S,1s,Dr Reddy's Laboratories Ltd,,,5690
33815,PULMOCEF CV TAB 250MG 10S,10s,Micro Labs Ltd,,,382
33816,SITARA DM TAB 10/100/100MG 10S,10s,Intas Pharmaceuticals Ltd,,,210
33817,GLUCONORM Z XR FORTE TAB 60MG 10S,10s,Lupin Ltd,,,95.53
33818,TAPAL TAB 100MG 10S,10s,MSN Laboratories,,,228.64
33819,EUCALYPTUS OIL 15ML,15ml,ASHWIN FINE CHEMICALS,,,200
33820,NEWBONA ACTIVE TAB 15S,15s,Akumentis Healthcare Ltd,,,395
33821,MET XL AM TAB 25/2.5MG 20S,20s,Ajanta Pharma Ltd,,,177
33822,ENTEROGERMINA SUSP 10X5ML,10*5ml,Sanofi India Ltd,,,658
33823,FORACORT RESPULES 0.5MG 5X2ML,5*2ml,Cipla Ltd,,,364.2
33824,FORACORT RESPULES 1MG 5X2ML,5*2ml,Cipla Ltd,,,409.35
33825,TOBAFLAM EYE DROP 5ML,5ml,Cipla Ltd,,,196.31
33826,ZYROL D3 SHOTS SOLUTION 5ML,5ml,PICTUS PHARMACEUTICALS PVT LTD,,,304
33827,FULOS HP POWDER CHOCO 200MG,200gm,OSREN HEALTHCARE PVT.LTD.,,,1396
33828,FLEMICLAV TAB 625MG 10S,10s,FDC Ltd,,,150.25
33829,INBILT SOLUTION 5% 60ML,60ml,GLENSMITH LABS PRIVATE LIMITED,,,780
33830,SITAXA DM TAB 10/100/1000MG 10S,10s,Torrent Pharmaceuticals Ltd,,,230
33831,BIOTIQUE LIP BALM CHERRY 4GM,4gm,BIOVEDA TECHNOLOGIES,,,175
33832,BIOTIQUE MORNING NECTAR NOURISH & HYDRATE MOISTURIZING CREAM 50GM,50gm,BIOVEDA TECHNOLOGIES,,,99
33833,BUDATE TRANSHALER 200MG 1S,1s,Lupin Ltd,,,396.35
33834,WOW SKIN SCIENCE VITAMIN C FACE SERUM 20% 30ML,30ml,KAPCO INTERNATIONAL LTD,,,699
33835,WOW SKIN SCIENCE VITAMIN C FOAMING FACE WASH 100ML,100ml,KAPCO INTERNATIONAL LTD,,,399
33837,BIODERMA ATODERM SOS SPRAY 50ML,50ml,Bioderma Laboratories,,,1399
33846,FEBOXA TAB 40MG 10S,10s,Ranbaxy,,,142.5
33848,LIPOPHAGE CAP 60MG 10S,10s,Franco-Indian Pharmaceuticals Pvt Ltd,,,334.5
33849,GKN PLUS TAB 10S,10s,VIENTO HEALTH CARE,,,240
33850,CURCURIA SOFTGEL CAP 10S,10s,REYANO LIFE CARE,,,399
33851,ACUNUS GEL 20ML,20ml,,,,475
33852,AVONIT TAB 100MG 10S,10s,AVROHN PHARMA I LIMITED,,,155
33853,MUCOMYST SPRAY 100ML,100ml,,,,1440
33854,MYCOLON SR TAB 200MG 10S,10s,WATERLEY PHARMACEUTICALS PVT LTD,,,195
33855,NUTRIHALE SYP 100ML,100ml',Fourrts India Laboratories Pvt Ltd,,,295
33856,FLOMIST F NASAL SPRAY 120MD 1S,120mdi,Cipla Ltd,,,467.56
33857,SENSOFORM TOOTHPASTE 120GM,120gm,Indoco Remedies Ltd,,,
33858,BILAMONT TAB 10S,10s,Aristo Pharmaceuticals Pvt Ltd,,,90
33859,FEROSPRING M TAB 10S,10s,OXIRICH HEALTHCARE PVT LTD,,,155
33860,SITABITE TAB 100MG 10S,10s,Corona Remedies Pvt Ltd,,,99
33861,VALENTAS TAB 50MG 10S,10s,Lupin Ltd,,,249
33862,CILAHEART T TAB 40MG 15S,15s,Mankind Pharma Ltd,,,160.71
33863,DIARICH Q 10 TAB 10S,10s,Micro Labs Ltd,,,599
33864,ZYROL SG CAP 4S,4s,PICTUS PHARMACEUTICALS PVT LTD,,,124
33865,SOBISIS EC TAB 500MG 10S,10s,La Renon Healthcare Pvt Ltd,,,41
33866,TUKSAN CAP 10S,10s,Excel Waves Formulation,,,530
33867,OSIFY TAB 10S,10s,OSREN HEALTHCARE PVT.LTD.,,,640
33868,XIFARIX TAB 400MG 10S,10s,SINSAN PHARMACEUTICALS,,,352
33869,XIFARIX TAB 550MG TAB,10s,SINSAN PHARMACEUTICALS,,,430
33870,JUBIGLIM M TAB 1MG 15S,15s,JUBILANT LIFE SCIENCE,,,77.55
33871,RETOZ NEO TAB 60MG 10S,10s,Dr Reddy's Laboratories Ltd,,,128.25
33874,PURE FOODS UMAMI BREW KOMBUCHA APPLE CINNAMON 250 ML,250ml,Rollins International Pvt Pvt,,,200
33875,PURE FOODS UMAMI BREW KOMBUCHA CLASSIC 250 ML,250ml,Rollins International Pvt Pvt,,,200
33876,PURE FOODS UMAMI BREW KOMBUCHA KOKUM GINGER 250 ML,250ml',Rollins International Pvt Pvt,,,200
33884,PURE FOODS OMEGA 3 FISH OIL CAP 60 S,60s,Rollins International Pvt Pvt,,,1250
33885,PURE FOODS VITAMIN D3  CAP 60 S,60s,Rollins International Pvt Pvt,,,499
33886,PURE FOODS B COMPLEX CAP 60 S,60s,Rollins International Pvt Pvt,,,750
33890,T-98 ORAL SUSPENSION 15ML,15ml,Mankind Pharma Ltd,,,29.99
33891,RETOZ NEO TAB 120MG 10S,10s,Dr Reddy's Laboratories Ltd,,,205.3
33892,SITAGLYN TAB 50MG 10S,10s,Zydus Healthcare Ltd,,,99
33893,AVANAIR TAB 200MG 4S,4s,Cipla Ltd,,,320
33894,CLINSODENT TAB 4S,4s,Ipca Laboratories Ltd,,,14
33895,CILAHEART TAB 10MG 15S,15s,Mankind Pharma Ltd,,,139.53
33896,SGLTD M TAB 10/500MG 10S,10s,Mankind Pharma Ltd,,,109.53
33897,SETU ALPHA LIPOIC ACID BOOST TAB 60S,60s,SETU NUTRATION PVT LTD,,,1100
33898,SETU BIOTIN BOOST POWDER LEMON FLAVOUR 150GM,150gm,SETU NUTRATION PVT LTD,,,1000
33899,SETU EYE RELIEF CAP 30S,30s,SETU NUTRATION PVT LTD,,,1200
33900,SETU LEAN LITE TAB 30S,30s,SETU NUTRATION PVT LTD,,,700
33901,SETU MIND FOCUS CAP 30S,30s,SETU NUTRATION PVT LTD,,,800
33902,SETU PLANT PROTEIN CHOCO FLAVOUR 540GM,540gm,SETU NUTRATION PVT LTD,,,1700
33903,SETU PRE WORKOUT MIXED BERRY STICK 15S,15s,SETU NUTRATION PVT LTD,,,1200
33904,SETU REHYDRATE COCONUT FLAVOUR STICK 30S,30s,SETU NUTRATION PVT LTD,,,800
33905,SETU SKIN YOUTHFUL MARINE COL LEMON FLAVOUR STICK 30S,30s,SETU NUTRATION PVT LTD,,,2000
33906,SETU SLEEP RESTORE STRIPS MINT FLAVOUR 30S,30s,SETU NUTRATION PVT LTD,,,600
33907,SETU TUMMY APPLE CIDER VINGER GUMMIES 30S,30s,SETU NUTRATION PVT LTD,,,800
33908,SETU TUMMY PROBIOTIC CAP 30S,30s,SETU NUTRATION PVT LTD,,,800
33909,SITARA DM TAB 10/100/500 10S,10s,Intas Pharmaceuticals Ltd,,,190
33910,CA PROBRET CAP 400MG 30S,30s,WHITE PHARMACEUTICALS,,,14975
33911,STRATA XRT GEL 20GM,20gm,Dr Reddy's Laboratories Ltd,,,3500
33912,LYCORIP Q10 CAP 10S,10s,KRP PHARMA,,,590
33913,SITACLASS M TAB 50/500MG 10S,10s,Macleods Pharmaceuticals Pvt Ltd,,,106
33914,MEDERMA ADVANCE PLUS SCAR GEL 5GM,5mg,Win-Medicare Pvt Ltd,,,255
33915,MONTINA L SYRUP 30ML,30ml,Aristo Pharmaceuticals Pvt Ltd,,,43.7
33916,LAMEZ OD TAB 50MG 10S,10s,Intas Pharmaceuticals Ltd,,,164
33917,ARNEY 50 TAB 14S,14s,Intas Pharmaceuticals Ltd,,,250.6
33918,ALIGHT PLUS GEL 15GM,15gm,Leeford Healthcare,,,145
33919,ALDOSMIN TAB 1000MG 10S,10s,Sun Pharmaceutical Industries Ltd,,,238
33920,GLURA M XR TAB 50/1000MG 15S,15s,Eris Lifesciences Ltd,,,180
33921,MNX 5 SOLUTION 60ML,60ml,Salve Pharmaceuticals Pvt Ltd,,,60ml
33922,ASTYMIN FORTE CAP 30S,30s,Tablets India Limited,,,398
33923,GABAFIX M SR TAB 75MG 10S,10s,Aareen Healthcare Pvt Ltd,,,164.9
33924,SITADAY TAB 100MG 15S,15s,Mankind Pharma Ltd,,,208.5
33925,SITANORM M TAB 50/500MG 15S,15s,Micro Labs Ltd,,,149
33926,ROSUPACK A CAP 10/75MG 10S,10s,Koye Pharmaceuticals Pvt ltd,,,72.6
33927,SITACOSE M TAB 50/1000MG 10S,10s,J B Chemicals and Pharmaceuticals Ltd,,,140
33928,PAMPERS PANTS ALL ROUND PROTECTION XL 20S,20s,Procter & Gamble Hygiene and Health Care Ltd,,,399
33930,MAMY POKO PANTS EXTRA ABSORB XXXL 20S,20s,Unicharm India Pvt.ltd.,,,999
33933,KIDRICH D3 SOLUTION 60000IU 5ML,5ml,Dr Reddy's Laboratories Ltd,,,49.5
33934,ABETANATE CREAM 30GM,30gm,ABETAR HEALTHCARE,,,120
33935,OVADOR 3M TAB 10S,10s,Curador Healthcare Pvt Ltd,,,250
33936,DUREX CONDOM REAL FEEL 3S,3s,Reckitt Benckiser (india) Ltd.,,,165
33937,DAPAGLYN SM TAB 100/500MG 10S,10s,Zydus Healthcare Ltd,,,230
33938,DUREX CONDOM REAL FEEL 10S,10s,TTK Healthcare Ltd,,,550
33939,DUREX CONDOM REAL FEEL 10S,10s,Reckitt Benckiser (india) Ltd.,,,550
33940,GUTGERMINA SUSPENSION 5ML,5ml,Apex Laboratories Pvt Ltd,,,36.3
33941,EYENORA SERUM 15ML,15ml,MECONUS HEALTHCARE PRIVATE LIMITED,,,1499
33942,SHFOL PLUS CAP 10S,10s,SH HEALTHCARE PRIVATE LIMITED,,,199.5
33943,RECLIDE MR TAB 60MG 15S,15s,Dr Reddy's Laboratories Ltd,,,202.75
33944,GABROZ NT TAB 10S,10s,Syndicate Life Sciences Pvt Ltd,,,219
33951,JUBIRA TAB 10MG 15S,15s,JUBILANT LIFE SCIENCE,,,222.75
33952,TEP AD VANILLA SACHETS 1GM 15S,15s,INZPERA HEALTHSCIENCES LIMITED,,,749
33953,TEP AD LOTION 175ML,175ml,INZPERA HEALTHSCIENCES LIMITED,,,775
33954,DOTHIP TAB 25MG 15S,15s,Micro Labs Ltd,,,86.7
33955,CORALAN OD TAB 10MG 10S,10s,Serdia Pharmaceuticals India Pvt Ltd,,,290
33956,SYSCOZOLE CREAM 30GM,30gm,SYSCUTIS HEALTHCARE,,,335
33957,NORVENT D SYP 100ML,100ml,Indchemie Health Specialities Pvt Ltd,,,135
33958,ANADENSE HAIR SERUM 60ML,60ml,Indolands Pharma Pvt Ltd,,,60ml
33959,CLINTAL 60K SOFTGEL 4S,4s,LEBONE HEALTHCARE PVT LTD,,,132
33960,CLINTEROL TAB 15S,15s,LEBONE HEALTHCARE PVT LTD,,,15s
33961,SKIDEL BAR 75GM,75gm,INZPERA HEALTHSCIENCES LIMITED,,,175
33962,CADYRA MAX TAB 10S,10s,KAYRA INNOPHARM,,,298
33963,HEPAGRESS CAP 7S,7s,La Renon Healthcare Pvt Ltd,,,525
33964,DDR D CAP 10S,10s,Msn Labs,,,199
33965,ALEX LS EXPECTORANT 100ML,100ml,Glenmark Pharmaceuticals Ltd,,,118
33966,ZORAY CPS SPF50 GEL 50GM,50gm,Oaknet Healthcare Pvt Ltd,,,750
33967,LETHYROX TAB 50MG 100S,100s,Intas Pharmaceuticals Ltd,,,123.2
33968,LIPITAS TAB 5MG 15S,15s,Intas Pharmaceuticals Ltd,,,141
33969,VOLIBO R TAB 0.5MG/0.2MG 10S,10s,Sun Pharmaceutical Industries Ltd,,,140
33970,GEOFIT WOMAN TAB 10S,10s,Leeford Healthcare,,,150
33971,HEMOLIT CREAM 30GM,30gm,Macleods Pharmaceuticals Pvt Ltd,,,137.5
33972,ULTRA D3 4K TAB 15S,15s,MEYER ORGANICS PVT LTD,,,15s
33973,MULTI 4 ALL TAB 15S,15s,,,,15s
33974,RAPILIF D CAP 4/0.5MG 10S,10s,Ipca Laboratories Ltd,,,255
33975,CANDIFORCE CAP 200MG 10S,10s,Mankind Pharma Ltd,,,229.9
33976,ZAPIZ TAB 0.25MG 20S,20s,Intas Pharmaceuticals Ltd,,,34.48
33977,ROSDAY EZ TAB 20MG 10S,10s,USV Ltd,,,320
33978,AMLONG MT TAB 25MG 15S,15s,Micro Labs Ltd,,,150
33979,T2C TAB 10MG 15S,15s,Ipca Laboratories Ltd,,,255
33980,SITALEMBIC TAB 50/500MG 15S,15s,Alembic Pharmaceuticals Ltd,,,150
33981,SITARED M TAB 50/500MG 15S,15s,Sun Pharmaceutical Industries Ltd,,,142.5
33982,KERASHINE TAB 15S,15s,Butson Bioscience,,,15s
33983,TELMIPACK TAB 40MG 10S,10s,Koye Pharmaceuticals Pvt ltd,,,81.98
33984,ZUKANORM M TAB 50/1000MG 15S,15s,Mankind Pharma Ltd,,,115.33
33985,PHAB ENERGY BAR CHOCOLATE ALMOND 35GM,35gm,SUN HYGINNE FOODS PVT LTD,,,50
33986,PHAB ENERGY BAR CRANBERRY ALMOND 35GM,35gm,SUN HYGINNE FOODS PVT LTD,,,45
33987,PHAB PROTEIN CHOCOLATE BROWNIE BAR 35GM,35gm,SUN HYGINNE FOODS PVT LTD,,,65
33988,PHAB PROTEIN MOCHA NUT FUDGE BAR 35GM,35gm,SUN HYGINNE FOODS PVT LTD,,,65
33989,COLGATE TOOTHPASTE KIDS STRAWBERRY 80GM,80gm,Colgate Palmolive India Ltd.,,,128
33990,AZULIX TAB 2MG 15S,15s,Torrent Pharmaceuticals Ltd,,,57.23
33991,PHAB SUPERFOOD BOMB RAGI & CASHEW 20GM,20gm,SUN HYGINNE FOODS PVT LTD,,,20
33992,PHAB SUPERFOOD BOMB QUINOA & ALMOND 20GM,20gm,SUN HYGINNE FOODS PVT LTD,,,20
33993,PHAB SUPERFOOD BOMB JOWER & CRANBERRY 20GM,20gm,SUN HYGINNE FOODS PVT LTD,,,20
33994,VERQUVO TAB 5MG 14S,14s,Bayer Zydus Pharma Pvt Ltd,,,2039
33995,CARINIA TAB 1.5MG 10S,10s,Intas Pharmaceuticals Ltd,,,99
33996,TRUDERMA FACE WASH 150ML,150ml,Regaliz India Ltd,,,439
33997,LYSOFLAM MR TAB 10S,10s,Cachet Pharmaceuticals Pvt Ltd,,,156
33998,COLIMEX DROP 15ML,15ml,Wallace Pharmaceuticals Pvt Ltd,,,81
33999,DIGERAFT XT MINT SUSPENSION 150ML,150ml,ABBOTT HEALTHCARE PRIVATE LIMITED,,,210
34000,MACSITA M TAB 50/1000MG 10S,10s,Macleods Pharmaceuticals Pvt Ltd,,,115
34001,COS 3 DROP 30ML,30ml,Delcure Life Sciences,,,351
34002,PROCOTRI TAB 15S,15s,STEADFAST MEDISHIIELD PVT LTD,,,37.5
34003,CUTICOLOR CREAM DARK BROWN 60MG,60mg,Zydus Cadila,,,1710.5
34004,BISOBIS TAB 2.5MG 10S,10s,Corona Remedies Pvt Ltd,,,40
34005,SPARACID O SYP 200ML,200ml,Dr Reddy's Laboratories Ltd,,,257.25
34006,NEW ZECAL TAB 500MG 15S,15s,Indchemie Health Specialities Pvt Ltd,,,168
34007,DAPNAT TAB 10MG 10S,10s,Natco Pharma Ltd,,,99
34008,COALVEE TAB 10S,10s,ALVEERA HEALTHCARE,,,595
34009,GLIMIPACK M 1 TAB 10S,10s,Koye Pharmaceuticals Pvt ltd,,,72.6
34010,GLIMIPACK M 1 FORTE TAB 10S,10s,Koye Pharmaceuticals Pvt ltd,,,87.12
34011,HIMALAYA CYSTONE SF SYRUP 200ML,200ml,Himalaya Drug Company,,,150
34012,MIRCERA INJECTION 75MCG 1S,1s,Roche,,,8100
34013,BETASIGHT L TAB 10S,10s,MAXINOVEL BIOTECH,,,270
34014,RESHED V SOLUTION 5ML,5ml,,,,895
34015,SACURISE TAB 100MG 14S,14s,Sun Pharmaceutical Industries Ltd,,,350
34016,BUPATCH 10MG 1S,1s,Aureate Healthcare Pvt Ltd,,,1089
34017,CARISPEC TAB 3MG 10S,10s,Sun Pharmaceutical Industries Ltd,,,160
34018,CREMA ANO CREAM 20GM,20gm,ABBOTT HEALTHCARE PRIVATE LIMITED,,,139.15
34019,AMHFIX TAB 10S,10s,KARISCA HEALTHCARE PVT LTD,,,560
34020,EXTRALUBE GEL EYE DROP 10GM,10gm,Micro Labs Ltd,,,260
34021,REXIPRA LS TAB 15S,15s,Intas Pharmaceuticals Ltd,,,214.5
34022,ZYTANIX TAB 2.5MG 15S,15s,Zydus Cadila,,,257.7
34023,IGNALIS M TAB 50/500MG 10S,10s,Intas Pharmaceuticals Ltd,,,99
34024,KRELOGEM K TAB 10S,10s,CRMS PHARMACEUTICAL,,,312
34025,SCLERIFUMA TAB 240MG 10S,10s,Sun Pharmaceutical Industries Ltd,,,555
